<?xml version="1.0" encoding="UTF-8" standalone="no"?>
<manifest   identifier="CEPA_SCORM2004" version="1.0"
			xmlns="http://www.imsglobal.org/xsd/imscp_v1p1"
			xmlns:adlcp="http://www.adlnet.org/xsd/adlcp_v1p3"
			xmlns:adlseq="http://www.adlnet.org/xsd/adlseq_v1p3"
			xmlns:adlnav="http://www.adlnet.org/xsd/adlnav_v1p3"
			xmlns:imsss="http://www.imsglobal.org/xsd/imsss"
			xmlns:xsi="http://www.w3.org/2001/XMLSchema-instance"
			xsi:schemaLocation="http://www.imsglobal.org/xsd/imscp_v1p1 imscp_v1p1.xsd
			http://www.imsglobal.org/xsd/imsss imsss_v1p0.xsd
			http://www.adlnet.org/xsd/adlcp_v1p3 adlcp_v1p3.xsd
			http://www.adlnet.org/xsd/adlseq_v1p3 adlseq_v1p3.xsd
			http://www.adlnet.org/xsd/adlnav_v1p3 adlnav_v1p3.xsd" >
<metadata>
	<schema>ADL SCORM</schema>
	<schemaversion>2004 3rd Edition</schemaversion>
</metadata>
<organizations default="CEPA">
	<organization identifier="CEPA">
		<title>Referenciais e a cinemática vetorial</title>
		<item identifier="AI0060_item1" identifierref="AI0060_item1_resource">
			<title>Cinemática na base polar</title>
		</item>
		<imsss:sequencing>
			<imsss:controlMode choiceExit="true" flow="true"/>
			<imsss:deliveryControls completionSetByContent="true" objectiveSetByContent="true"/>
		</imsss:sequencing>
	</organization>
</organizations>
<resources>
	<resource identifier="AI0060_item1_resource" adlcp:scormType="sco" href="index.html" type="webcontent">
		<file href="index.html"/>
		<file href="./js/SCORM_API_wrapper.js"/>
		<file href="./js/scorm-config.js"/>
		<file href="./js/jquery-1.4.2.min.js"/>
		<file href="./js/jquery-ui-1.8.5.custom.min.js"/>
		<file href="./js/jquery-ui-1.8.6.custom.min.js"/>
    <file href="./css/style.css"/>
    <file href="./css/overcast/jquery-ui-1.8.6.custom.css"/>
    <file href="./css/overcast/images/ui-bg_flat_0_aaaaaa_40x100.png"/>
    <file href="./css/overcast/images/ui-bg_flat_0_eeeeee_40x100.png"/>
    <file href="./css/overcast/images/ui-bg_flat_55_c0402a_40x100.png"/>
    <file href="./css/overcast/images/ui-bg_flat_55_eeeeee_40x100.png"/>
    <file href="./css/overcast/images/ui-bg_glass_100_f8f8f8_1x400.png"/>
    <file href="./css/overcast/images/ui-bg_glass_35_dddddd_1x400.png"/>
    <file href="./css/overcast/images/ui-bg_glass_60_eeeeee_1x400.png"/>
    <file href="./css/overcast/images/ui-bg_inset-hard_75_999999_1x100.png"/>
    <file href="./css/overcast/images/ui-bg_inset-soft_50_c9c9c9_1x100.png"/>
    <file href="./css/overcast/images/ui-icons_3383bb_256x240.png"/>
    <file href="./css/overcast/images/ui-icons_454545_256x240.png"/>
    <file href="./css/overcast/images/ui-icons_70b2e1_256x240.png"/>
    <file href="./css/overcast/images/ui-icons_999999_256x240.png"/>
    <file href="./css/overcast/images/ui-icons_fbc856_256x240.png"/>
    <file href="./css/ui-lightness/jquery-ui-1.8.5.custom.css"/>
    <file href="./css/ui-lightness/images/ui-bg_diagonals-thick_18_b81900_40x40.png"/>
    <file href="./css/ui-lightness/images/ui-bg_diagonals-thick_20_666666_40x40.png"/>
    <file href="./css/ui-lightness/images/ui-bg_flat_10_000000_40x100.png"/>
    <file href="./css/ui-lightness/images/ui-bg_glass_100_f6f6f6_1x400.png"/>
    <file href="./css/ui-lightness/images/ui-bg_glass_100_fdf5ce_1x400.png"/>
    <file href="./css/ui-lightness/images/ui-bg_glass_65_ffffff_1x400.png"/>
    <file href="./css/ui-lightness/images/ui-bg_gloss-wave_35_f6a828_500x100.png"/>
    <file href="./css/ui-lightness/images/ui-bg_highlight-soft_100_eeeeee_1x100.png"/>
    <file href="./css/ui-lightness/images/ui-bg_highlight-soft_75_ffe45c_1x100.png"/>
    <file href="./css/ui-lightness/images/ui-icons_222222_256x240.png"/>
    <file href="./css/ui-lightness/images/ui-icons_228ef1_256x240.png"/>
    <file href="./css/ui-lightness/images/ui-icons_ef8c08_256x240.png"/>
    <file href="./css/ui-lightness/images/ui-icons_ffd27a_256x240.png"/>
    <file href="./css/ui-lightness/images/ui-icons_ffffff_256x240.png"/>
	</resource>
</resources>
</manifest>